--
-- PostgreSQL database dump
--

-- Dumped from database version 16.3
-- Dumped by pg_dump version 16.1

-- Started on 2024-06-10 03:15:25 CST

SET statement_timeout = 0;
SET lock_timeout = 0;
SET idle_in_transaction_session_timeout = 0;
SET client_encoding = 'UTF8';
SET standard_conforming_strings = on;
SELECT pg_catalog.set_config('search_path', '', false);
SET check_function_bodies = false;
SET xmloption = content;
SET client_min_messages = warning;
SET row_security = off;

--
-- TOC entry 2 (class 3079 OID 17374)
-- Name: uuid-ossp; Type: EXTENSION; Schema: -; Owner: -
--

CREATE EXTENSION IF NOT EXISTS "uuid-ossp" WITH SCHEMA public;


--
-- TOC entry 3593 (class 0 OID 0)
-- Dependencies: 2
-- Name: EXTENSION "uuid-ossp"; Type: COMMENT; Schema: -; Owner: 
--

COMMENT ON EXTENSION "uuid-ossp" IS 'generate universally unique identifiers (UUIDs)';


SET default_tablespace = '';

SET default_table_access_method = heap;

--
-- TOC entry 223 (class 1259 OID 17154)
-- Name: auth_group; Type: TABLE; Schema: public; Owner: root
--

CREATE TABLE public.auth_group (
    id integer NOT NULL,
    name character varying(150) NOT NULL
);


ALTER TABLE public.auth_group OWNER TO root;

--
-- TOC entry 222 (class 1259 OID 17153)
-- Name: auth_group_id_seq; Type: SEQUENCE; Schema: public; Owner: root
--

ALTER TABLE public.auth_group ALTER COLUMN id ADD GENERATED BY DEFAULT AS IDENTITY (
    SEQUENCE NAME public.auth_group_id_seq
    START WITH 1
    INCREMENT BY 1
    NO MINVALUE
    NO MAXVALUE
    CACHE 1
);


--
-- TOC entry 225 (class 1259 OID 17162)
-- Name: auth_group_permissions; Type: TABLE; Schema: public; Owner: root
--

CREATE TABLE public.auth_group_permissions (
    id bigint NOT NULL,
    group_id integer NOT NULL,
    permission_id integer NOT NULL
);


ALTER TABLE public.auth_group_permissions OWNER TO root;

--
-- TOC entry 224 (class 1259 OID 17161)
-- Name: auth_group_permissions_id_seq; Type: SEQUENCE; Schema: public; Owner: root
--

ALTER TABLE public.auth_group_permissions ALTER COLUMN id ADD GENERATED BY DEFAULT AS IDENTITY (
    SEQUENCE NAME public.auth_group_permissions_id_seq
    START WITH 1
    INCREMENT BY 1
    NO MINVALUE
    NO MAXVALUE
    CACHE 1
);


--
-- TOC entry 221 (class 1259 OID 17148)
-- Name: auth_permission; Type: TABLE; Schema: public; Owner: root
--

CREATE TABLE public.auth_permission (
    id integer NOT NULL,
    name character varying(255) NOT NULL,
    content_type_id integer NOT NULL,
    codename character varying(100) NOT NULL
);


ALTER TABLE public.auth_permission OWNER TO root;

--
-- TOC entry 220 (class 1259 OID 17147)
-- Name: auth_permission_id_seq; Type: SEQUENCE; Schema: public; Owner: root
--

ALTER TABLE public.auth_permission ALTER COLUMN id ADD GENERATED BY DEFAULT AS IDENTITY (
    SEQUENCE NAME public.auth_permission_id_seq
    START WITH 1
    INCREMENT BY 1
    NO MINVALUE
    NO MAXVALUE
    CACHE 1
);


--
-- TOC entry 232 (class 1259 OID 17244)
-- Name: django_admin_log; Type: TABLE; Schema: public; Owner: root
--

CREATE TABLE public.django_admin_log (
    id integer NOT NULL,
    action_time timestamp with time zone NOT NULL,
    object_id text,
    object_repr character varying(200) NOT NULL,
    action_flag smallint NOT NULL,
    change_message text NOT NULL,
    content_type_id integer,
    user_id uuid NOT NULL,
    CONSTRAINT django_admin_log_action_flag_check CHECK ((action_flag >= 0))
);


ALTER TABLE public.django_admin_log OWNER TO root;

--
-- TOC entry 231 (class 1259 OID 17243)
-- Name: django_admin_log_id_seq; Type: SEQUENCE; Schema: public; Owner: root
--

ALTER TABLE public.django_admin_log ALTER COLUMN id ADD GENERATED BY DEFAULT AS IDENTITY (
    SEQUENCE NAME public.django_admin_log_id_seq
    START WITH 1
    INCREMENT BY 1
    NO MINVALUE
    NO MAXVALUE
    CACHE 1
);


--
-- TOC entry 219 (class 1259 OID 17140)
-- Name: django_content_type; Type: TABLE; Schema: public; Owner: root
--

CREATE TABLE public.django_content_type (
    id integer NOT NULL,
    app_label character varying(100) NOT NULL,
    model character varying(100) NOT NULL
);


ALTER TABLE public.django_content_type OWNER TO root;

--
-- TOC entry 218 (class 1259 OID 17139)
-- Name: django_content_type_id_seq; Type: SEQUENCE; Schema: public; Owner: root
--

ALTER TABLE public.django_content_type ALTER COLUMN id ADD GENERATED BY DEFAULT AS IDENTITY (
    SEQUENCE NAME public.django_content_type_id_seq
    START WITH 1
    INCREMENT BY 1
    NO MINVALUE
    NO MAXVALUE
    CACHE 1
);


--
-- TOC entry 217 (class 1259 OID 17132)
-- Name: django_migrations; Type: TABLE; Schema: public; Owner: root
--

CREATE TABLE public.django_migrations (
    id bigint NOT NULL,
    app character varying(255) NOT NULL,
    name character varying(255) NOT NULL,
    applied timestamp with time zone NOT NULL
);


ALTER TABLE public.django_migrations OWNER TO root;

--
-- TOC entry 216 (class 1259 OID 17131)
-- Name: django_migrations_id_seq; Type: SEQUENCE; Schema: public; Owner: root
--

ALTER TABLE public.django_migrations ALTER COLUMN id ADD GENERATED BY DEFAULT AS IDENTITY (
    SEQUENCE NAME public.django_migrations_id_seq
    START WITH 1
    INCREMENT BY 1
    NO MINVALUE
    NO MAXVALUE
    CACHE 1
);


--
-- TOC entry 240 (class 1259 OID 17358)
-- Name: django_session; Type: TABLE; Schema: public; Owner: root
--

CREATE TABLE public.django_session (
    session_key character varying(40) NOT NULL,
    session_data text NOT NULL,
    expire_date timestamp with time zone NOT NULL
);


ALTER TABLE public.django_session OWNER TO root;

--
-- TOC entry 238 (class 1259 OID 17322)
-- Name: orders_order; Type: TABLE; Schema: public; Owner: root
--

CREATE TABLE public.orders_order (
    id uuid NOT NULL,
    number integer NOT NULL,
    reason_cancelled character varying(500),
    total_price double precision NOT NULL,
    total_quantity double precision NOT NULL,
    status character varying NOT NULL,
    delivered_on_time boolean NOT NULL,
    is_active boolean NOT NULL,
    is_paid boolean NOT NULL,
    delivered_total_days integer NOT NULL,
    days_to_delivered integer NOT NULL,
    paid_date date,
    real_paid_date date,
    delivered_date date NOT NULL,
    order_created_date date NOT NULL,
    real_delivered_date date,
    created_at timestamp with time zone NOT NULL,
    updated_at timestamp with time zone NOT NULL,
    deleted_at timestamp with time zone,
    delivered_address_id uuid NOT NULL,
    provider_id uuid NOT NULL
);


ALTER TABLE public.orders_order OWNER TO root;

--
-- TOC entry 239 (class 1259 OID 17329)
-- Name: orders_orderproducts; Type: TABLE; Schema: public; Owner: root
--

CREATE TABLE public.orders_orderproducts (
    id uuid NOT NULL,
    cost double precision NOT NULL,
    quantity double precision NOT NULL,
    order_id uuid NOT NULL,
    product_id uuid NOT NULL
);


ALTER TABLE public.orders_orderproducts OWNER TO root;

--
-- TOC entry 237 (class 1259 OID 17291)
-- Name: organization_deliveredaddress; Type: TABLE; Schema: public; Owner: root
--

CREATE TABLE public.organization_deliveredaddress (
    id uuid NOT NULL,
    country character varying(50) NOT NULL,
    street character varying(255) NOT NULL,
    cologne character varying(255),
    state character varying(100) NOT NULL,
    ext_num character varying(50) NOT NULL,
    int_num character varying(100),
    pc character varying(50),
    is_active boolean NOT NULL,
    created_at timestamp with time zone NOT NULL,
    updated_at timestamp with time zone NOT NULL,
    deleted_at timestamp with time zone,
    content_type_id integer,
    organization_id uuid NOT NULL
);


ALTER TABLE public.organization_deliveredaddress OWNER TO root;

--
-- TOC entry 235 (class 1259 OID 17279)
-- Name: organization_organization; Type: TABLE; Schema: public; Owner: root
--

CREATE TABLE public.organization_organization (
    id uuid NOT NULL,
    name character varying(255) NOT NULL,
    email character varying(255) NOT NULL,
    phone character varying(11),
    image_url character varying(255),
    is_active boolean NOT NULL,
    is_provider boolean NOT NULL,
    created_at timestamp with time zone NOT NULL,
    updated_at timestamp with time zone NOT NULL,
    deleted_at timestamp with time zone
);


ALTER TABLE public.organization_organization OWNER TO root;

--
-- TOC entry 236 (class 1259 OID 17286)
-- Name: organization_providerhasproduct; Type: TABLE; Schema: public; Owner: root
--

CREATE TABLE public.organization_providerhasproduct (
    id uuid NOT NULL,
    price double precision NOT NULL,
    quantity double precision NOT NULL,
    is_active boolean NOT NULL,
    created_at timestamp with time zone NOT NULL,
    updated_at timestamp with time zone NOT NULL,
    deleted_at timestamp with time zone,
    product_id uuid NOT NULL,
    provider_id uuid NOT NULL
);


ALTER TABLE public.organization_providerhasproduct OWNER TO root;

--
-- TOC entry 233 (class 1259 OID 17264)
-- Name: products_objectivesproduct; Type: TABLE; Schema: public; Owner: root
--

CREATE TABLE public.products_objectivesproduct (
    id uuid NOT NULL,
    "time" character varying(50) NOT NULL,
    year character varying(100) NOT NULL,
    quantity integer NOT NULL,
    is_active boolean NOT NULL,
    created_at timestamp with time zone NOT NULL,
    updated_at timestamp with time zone NOT NULL,
    deleted_at timestamp with time zone,
    product_id uuid
);


ALTER TABLE public.products_objectivesproduct OWNER TO root;

--
-- TOC entry 234 (class 1259 OID 17269)
-- Name: products_product; Type: TABLE; Schema: public; Owner: root
--

CREATE TABLE public.products_product (
    id uuid NOT NULL,
    sku character varying(255) NOT NULL,
    name character varying(255) NOT NULL,
    description character varying(500),
    image_url character varying(255),
    is_sould_out boolean NOT NULL,
    is_active boolean NOT NULL,
    created_at timestamp with time zone NOT NULL,
    updated_at timestamp with time zone NOT NULL,
    deleted_at timestamp with time zone
);


ALTER TABLE public.products_product OWNER TO root;

--
-- TOC entry 226 (class 1259 OID 17193)
-- Name: users_user; Type: TABLE; Schema: public; Owner: root
--

CREATE TABLE public.users_user (
    password character varying(128) NOT NULL,
    id uuid NOT NULL,
    name character varying(100) NOT NULL,
    last_name character varying(100) NOT NULL,
    email character varying(254) NOT NULL,
    is_active boolean NOT NULL,
    is_superuser boolean NOT NULL,
    gender character varying(2),
    role character varying(50) NOT NULL,
    created_at timestamp with time zone NOT NULL,
    updated_at timestamp with time zone NOT NULL,
    deleted_at timestamp with time zone,
    last_login timestamp with time zone
);


ALTER TABLE public.users_user OWNER TO root;

--
-- TOC entry 228 (class 1259 OID 17203)
-- Name: users_user_groups; Type: TABLE; Schema: public; Owner: root
--

CREATE TABLE public.users_user_groups (
    id bigint NOT NULL,
    user_id uuid NOT NULL,
    group_id integer NOT NULL
);


ALTER TABLE public.users_user_groups OWNER TO root;

--
-- TOC entry 227 (class 1259 OID 17202)
-- Name: users_user_groups_id_seq; Type: SEQUENCE; Schema: public; Owner: root
--

ALTER TABLE public.users_user_groups ALTER COLUMN id ADD GENERATED BY DEFAULT AS IDENTITY (
    SEQUENCE NAME public.users_user_groups_id_seq
    START WITH 1
    INCREMENT BY 1
    NO MINVALUE
    NO MAXVALUE
    CACHE 1
);


--
-- TOC entry 230 (class 1259 OID 17209)
-- Name: users_user_user_permissions; Type: TABLE; Schema: public; Owner: root
--

CREATE TABLE public.users_user_user_permissions (
    id bigint NOT NULL,
    user_id uuid NOT NULL,
    permission_id integer NOT NULL
);


ALTER TABLE public.users_user_user_permissions OWNER TO root;

--
-- TOC entry 229 (class 1259 OID 17208)
-- Name: users_user_user_permissions_id_seq; Type: SEQUENCE; Schema: public; Owner: root
--

ALTER TABLE public.users_user_user_permissions ALTER COLUMN id ADD GENERATED BY DEFAULT AS IDENTITY (
    SEQUENCE NAME public.users_user_user_permissions_id_seq
    START WITH 1
    INCREMENT BY 1
    NO MINVALUE
    NO MAXVALUE
    CACHE 1
);


--
-- TOC entry 3570 (class 0 OID 17154)
-- Dependencies: 223
-- Data for Name: auth_group; Type: TABLE DATA; Schema: public; Owner: root
--

COPY public.auth_group (id, name) FROM stdin;
\.


--
-- TOC entry 3572 (class 0 OID 17162)
-- Dependencies: 225
-- Data for Name: auth_group_permissions; Type: TABLE DATA; Schema: public; Owner: root
--

COPY public.auth_group_permissions (id, group_id, permission_id) FROM stdin;
\.


--
-- TOC entry 3568 (class 0 OID 17148)
-- Dependencies: 221
-- Data for Name: auth_permission; Type: TABLE DATA; Schema: public; Owner: root
--

COPY public.auth_permission (id, name, content_type_id, codename) FROM stdin;
1	Can add log entry	1	add_logentry
2	Can change log entry	1	change_logentry
3	Can delete log entry	1	delete_logentry
4	Can view log entry	1	view_logentry
5	Can add permission	2	add_permission
6	Can change permission	2	change_permission
7	Can delete permission	2	delete_permission
8	Can view permission	2	view_permission
9	Can add group	3	add_group
10	Can change group	3	change_group
11	Can delete group	3	delete_group
12	Can view group	3	view_group
13	Can add content type	4	add_contenttype
14	Can change content type	4	change_contenttype
15	Can delete content type	4	delete_contenttype
16	Can view content type	4	view_contenttype
17	Can add session	5	add_session
18	Can change session	5	change_session
19	Can delete session	5	delete_session
20	Can view session	5	view_session
21	Can add user	6	add_user
22	Can change user	6	change_user
23	Can delete user	6	delete_user
24	Can view user	6	view_user
25	Can add objectives product	7	add_objectivesproduct
26	Can change objectives product	7	change_objectivesproduct
27	Can delete objectives product	7	delete_objectivesproduct
28	Can view objectives product	7	view_objectivesproduct
29	Can add product	8	add_product
30	Can change product	8	change_product
31	Can delete product	8	delete_product
32	Can view product	8	view_product
33	Can add order	9	add_order
34	Can change order	9	change_order
35	Can delete order	9	delete_order
36	Can view order	9	view_order
37	Can add order products	10	add_orderproducts
38	Can change order products	10	change_orderproducts
39	Can delete order products	10	delete_orderproducts
40	Can view order products	10	view_orderproducts
41	Can add organization	11	add_organization
42	Can change organization	11	change_organization
43	Can delete organization	11	delete_organization
44	Can view organization	11	view_organization
45	Can add provider has product	12	add_providerhasproduct
46	Can change provider has product	12	change_providerhasproduct
47	Can delete provider has product	12	delete_providerhasproduct
48	Can view provider has product	12	view_providerhasproduct
49	Can add delivered address	13	add_deliveredaddress
50	Can change delivered address	13	change_deliveredaddress
51	Can delete delivered address	13	delete_deliveredaddress
52	Can view delivered address	13	view_deliveredaddress
\.


--
-- TOC entry 3579 (class 0 OID 17244)
-- Dependencies: 232
-- Data for Name: django_admin_log; Type: TABLE DATA; Schema: public; Owner: root
--

COPY public.django_admin_log (id, action_time, object_id, object_repr, action_flag, change_message, content_type_id, user_id) FROM stdin;
\.


--
-- TOC entry 3566 (class 0 OID 17140)
-- Dependencies: 219
-- Data for Name: django_content_type; Type: TABLE DATA; Schema: public; Owner: root
--

COPY public.django_content_type (id, app_label, model) FROM stdin;
1	admin	logentry
2	auth	permission
3	auth	group
4	contenttypes	contenttype
5	sessions	session
6	users	user
7	products	objectivesproduct
8	products	product
9	orders	order
10	orders	orderproducts
11	organization	organization
12	organization	providerhasproduct
13	organization	deliveredaddress
\.


--
-- TOC entry 3564 (class 0 OID 17132)
-- Dependencies: 217
-- Data for Name: django_migrations; Type: TABLE DATA; Schema: public; Owner: root
--

COPY public.django_migrations (id, app, name, applied) FROM stdin;
1	contenttypes	0001_initial	2024-06-09 07:44:16.226953+00
2	contenttypes	0002_remove_content_type_name	2024-06-09 07:44:16.232216+00
3	auth	0001_initial	2024-06-09 07:44:16.267269+00
4	auth	0002_alter_permission_name_max_length	2024-06-09 07:44:16.270328+00
5	auth	0003_alter_user_email_max_length	2024-06-09 07:44:16.272483+00
6	auth	0004_alter_user_username_opts	2024-06-09 07:44:16.274256+00
7	auth	0005_alter_user_last_login_null	2024-06-09 07:44:16.276035+00
8	auth	0006_require_contenttypes_0002	2024-06-09 07:44:16.276899+00
9	auth	0007_alter_validators_add_error_messages	2024-06-09 07:44:16.278629+00
10	auth	0008_alter_user_username_max_length	2024-06-09 07:44:16.281172+00
11	auth	0009_alter_user_last_name_max_length	2024-06-09 07:44:16.283581+00
12	auth	0010_alter_group_name_max_length	2024-06-09 07:44:16.286977+00
13	auth	0011_update_proxy_permissions	2024-06-09 07:44:16.289141+00
14	auth	0012_alter_user_first_name_max_length	2024-06-09 07:44:16.290883+00
15	users	0001_initial	2024-06-09 07:44:16.318248+00
16	admin	0001_initial	2024-06-09 07:44:16.331622+00
17	admin	0002_logentry_remove_auto_add	2024-06-09 07:44:16.334789+00
18	admin	0003_logentry_add_action_flag_choices	2024-06-09 07:44:16.337641+00
19	products	0001_initial	2024-06-09 07:44:16.349924+00
20	organization	0001_initial	2024-06-09 07:44:16.376837+00
21	orders	0001_initial	2024-06-09 07:44:16.395606+00
22	orders	0002_initial	2024-06-09 07:44:16.408529+00
23	sessions	0001_initial	2024-06-09 07:44:16.415855+00
24	products	0002_objectivesproduct_product	2024-06-09 11:20:37.28475+00
\.


--
-- TOC entry 3587 (class 0 OID 17358)
-- Dependencies: 240
-- Data for Name: django_session; Type: TABLE DATA; Schema: public; Owner: root
--

COPY public.django_session (session_key, session_data, expire_date) FROM stdin;
\.


--
-- TOC entry 3585 (class 0 OID 17322)
-- Dependencies: 238
-- Data for Name: orders_order; Type: TABLE DATA; Schema: public; Owner: root
--

COPY public.orders_order (id, number, reason_cancelled, total_price, total_quantity, status, delivered_on_time, is_active, is_paid, delivered_total_days, days_to_delivered, paid_date, real_paid_date, delivered_date, order_created_date, real_delivered_date, created_at, updated_at, deleted_at, delivered_address_id, provider_id) FROM stdin;
bb644fd8-e849-4ee9-b181-40e491c7dbd4	1	\N	790000	400	CREATE	t	t	f	115	0	2023-04-20	\N	2023-07-28	2023-04-04	\N	2024-06-09 08:01:32.0382+00	2024-06-09 08:01:32.043644+00	\N	a8bb4ecb-2537-47bf-92de-74453db444d2	1f621f9e-e6b3-48a2-b3bd-1113ddc2aacb
721baefb-d326-481b-a6cb-2223e087f977	2	\N	22500	50	CREATE	t	t	f	85	0	2024-07-20	\N	2024-07-28	2024-05-04	\N	2024-06-09 08:03:01.908707+00	2024-06-09 08:03:01.913506+00	\N	a8bb4ecb-2537-47bf-92de-74453db444d2	1f621f9e-e6b3-48a2-b3bd-1113ddc2aacb
45362952-52d5-42dc-b3dd-afc726cfe2e6	6	\N	202700	281	CREATE	t	t	f	413	0	2023-05-18	\N	2023-06-18	2022-05-01	\N	2024-06-09 08:13:23.835466+00	2024-06-09 08:13:23.842034+00	\N	12d7d49a-a9a9-4676-b7a2-79ed35934d2e	1f621f9e-e6b3-48a2-b3bd-1113ddc2aacb
9b40b32c-61b2-438c-b400-92a17afe1ee7	7	\N	22000	15	CREATE	t	t	f	48	0	2024-05-18	\N	2024-06-18	2024-05-01	\N	2024-06-09 08:13:58.878216+00	2024-06-09 08:13:58.883697+00	\N	12d7d49a-a9a9-4676-b7a2-79ed35934d2e	1f621f9e-e6b3-48a2-b3bd-1113ddc2aacb
788f14bb-caf0-4045-b734-df2ee43ba6a9	17	\N	124500	34	DELIVERED	t	t	f	54	40	2024-01-15	\N	2024-02-24	2024-01-10	2024-02-19	2024-06-09 08:52:15.014509+00	2024-06-09 08:55:13.223069+00	\N	a8bb4ecb-2537-47bf-92de-74453db444d2	02254fb6-7c50-41d7-81f9-3164108215a1
55c274da-55c5-47f7-9342-80cd9b611cb7	9	\N	122500	35	CREATE	t	t	f	49	0	2023-03-10	\N	2023-04-18	2023-02-28	\N	2024-06-09 08:16:27.646222+00	2024-06-09 08:16:27.651369+00	\N	a8bb4ecb-2537-47bf-92de-74453db444d2	46eb45eb-7ee4-4268-bcce-6080c944d3cf
fbbd6f0b-8c3e-4d0a-ab77-9559b257fd03	10	\N	472500	105	CREATE	t	t	f	51	0	2024-07-10	\N	2024-08-24	2024-07-04	\N	2024-06-09 08:17:43.379226+00	2024-06-09 08:17:43.38563+00	\N	a8bb4ecb-2537-47bf-92de-74453db444d2	46eb45eb-7ee4-4268-bcce-6080c944d3cf
3b99756d-5a5d-4949-b76f-478aceb87e8d	11	\N	757500	153	CREATE	t	t	f	51	0	2022-07-10	\N	2022-08-24	2022-07-04	\N	2024-06-09 08:18:41.972636+00	2024-06-09 08:18:41.979879+00	\N	a8bb4ecb-2537-47bf-92de-74453db444d2	46eb45eb-7ee4-4268-bcce-6080c944d3cf
8854c069-5e4c-404b-9e1b-e7542b8db655	12	\N	469000	110	CREATE	t	t	f	51	0	2023-07-10	\N	2023-08-24	2023-07-04	\N	2024-06-09 08:19:25.076845+00	2024-06-09 08:19:25.082781+00	\N	a8bb4ecb-2537-47bf-92de-74453db444d2	46eb45eb-7ee4-4268-bcce-6080c944d3cf
801e5590-3621-4e17-bb4e-7fdc7eb1627f	13	\N	187500	51	CREATE	t	t	f	53	0	2024-04-01	\N	2023-05-24	2023-04-01	\N	2024-06-09 08:20:03.08629+00	2024-06-09 08:20:03.092718+00	\N	a8bb4ecb-2537-47bf-92de-74453db444d2	46eb45eb-7ee4-4268-bcce-6080c944d3cf
e111d0e0-ce2b-4ca3-b219-3f53ecad4c1b	14	\N	50250	51	CREATE	t	t	f	82	0	2024-02-15	\N	2023-04-24	2023-02-01	\N	2024-06-09 08:20:55.030447+00	2024-06-09 08:20:55.034978+00	\N	a8bb4ecb-2537-47bf-92de-74453db444d2	02254fb6-7c50-41d7-81f9-3164108215a1
5c19fe10-cce7-4dea-aaa9-b6f8df0f53d9	16	\N	322250	69	CREATE	t	t	f	44	0	2023-04-15	\N	2023-05-24	2023-04-10	\N	2024-06-09 08:21:41.262496+00	2024-06-09 08:21:41.281376+00	\N	a8bb4ecb-2537-47bf-92de-74453db444d2	02254fb6-7c50-41d7-81f9-3164108215a1
afbd862f-4446-47ef-a60e-ccc81be824d7	5	\N	87500	25	DELIVERED	t	t	f	76	75	2023-10-04	\N	2023-12-16	2023-10-01	2023-12-15	2024-06-09 08:12:06.364332+00	2024-06-09 09:43:01.521104+00	\N	12d7d49a-a9a9-4676-b7a2-79ed35934d2e	1f621f9e-e6b3-48a2-b3bd-1113ddc2aacb
09964303-e5a4-4bf8-80dc-7342b48eace1	3	\N	775000	200	DELIVERED	t	t	f	13	9	2022-03-20	\N	2022-03-28	2022-03-15	2022-03-24	2024-06-09 08:07:41.701012+00	2024-06-09 10:12:37.67103+00	\N	12d7d49a-a9a9-4676-b7a2-79ed35934d2e	1f621f9e-e6b3-48a2-b3bd-1113ddc2aacb
15d5602d-ba79-49ab-ab4c-87e824ddc4d2	15	\N	322250	69	DELIVERED	t	t	f	44	44	2022-04-15	\N	2022-05-24	2022-04-10	2022-05-24	2024-06-09 08:21:29.668213+00	2024-06-09 10:14:04.97927+00	\N	a8bb4ecb-2537-47bf-92de-74453db444d2	02254fb6-7c50-41d7-81f9-3164108215a1
140c6e02-7653-4775-951d-bc634444a1c7	4	Error de pedido	775000	200	CANCELLED	t	t	f	76	0	2024-10-04	\N	2024-12-16	2024-10-01	\N	2024-06-09 08:11:34.15253+00	2024-06-09 08:50:19.620864+00	\N	12d7d49a-a9a9-4676-b7a2-79ed35934d2e	1f621f9e-e6b3-48a2-b3bd-1113ddc2aacb
a98190ee-e681-428d-9d73-a4abf5e9c3ae	8	\N	22000	15	DELIVERED	f	t	f	46	47	2024-03-10	\N	2024-03-18	2024-02-01	2024-03-19	2024-06-09 08:15:48.916075+00	2024-06-09 08:51:02.449258+00	\N	a8bb4ecb-2537-47bf-92de-74453db444d2	46eb45eb-7ee4-4268-bcce-6080c944d3cf
\.


--
-- TOC entry 3586 (class 0 OID 17329)
-- Dependencies: 239
-- Data for Name: orders_orderproducts; Type: TABLE DATA; Schema: public; Owner: root
--

COPY public.orders_orderproducts (id, cost, quantity, order_id, product_id) FROM stdin;
ed6df7da-ff47-4014-88bd-212d2f7e4699	90000	200	bb644fd8-e849-4ee9-b181-40e491c7dbd4	03a1af29-3a77-4639-9c79-9f76c1327f9c
f55365ac-92c9-4fb7-b54a-69b730bc3843	700000	200	bb644fd8-e849-4ee9-b181-40e491c7dbd4	97ff4ed8-0c03-4216-81e7-eff0c648e871
8bda2bb5-29db-42c8-a616-c9bccbcd1081	22500	50	721baefb-d326-481b-a6cb-2223e087f977	03a1af29-3a77-4639-9c79-9f76c1327f9c
290f56bf-bd56-4673-9181-91cb956e95d6	250000	50	09964303-e5a4-4bf8-80dc-7342b48eace1	4585efcd-934d-4f58-afde-f7ba14a1cc81
3472019d-7002-48ff-aaa5-a2c5d738a342	525000	150	09964303-e5a4-4bf8-80dc-7342b48eace1	97ff4ed8-0c03-4216-81e7-eff0c648e871
325104ad-a514-4479-b5f9-83fa05c6cd53	250000	50	140c6e02-7653-4775-951d-bc634444a1c7	4585efcd-934d-4f58-afde-f7ba14a1cc81
0e5d09d0-21a9-4698-a436-c0071b7b4835	525000	150	140c6e02-7653-4775-951d-bc634444a1c7	97ff4ed8-0c03-4216-81e7-eff0c648e871
e7eb8cd0-7a23-4762-8a4c-9c3c8e1a51f2	87500	25	afbd862f-4446-47ef-a60e-ccc81be824d7	97ff4ed8-0c03-4216-81e7-eff0c648e871
e53a2e49-a700-40e9-b743-c071881e840e	87500	25	45362952-52d5-42dc-b3dd-afc726cfe2e6	97ff4ed8-0c03-4216-81e7-eff0c648e871
deaa5702-4a03-4a24-a738-1e4115335a84	115200	256	45362952-52d5-42dc-b3dd-afc726cfe2e6	03a1af29-3a77-4639-9c79-9f76c1327f9c
7bf677ad-f6ab-431d-b3c9-ecfcdf608af2	17500	5	9b40b32c-61b2-438c-b400-92a17afe1ee7	97ff4ed8-0c03-4216-81e7-eff0c648e871
d8659ae5-e601-439d-8f52-35fb7a6a47b9	4500	10	9b40b32c-61b2-438c-b400-92a17afe1ee7	03a1af29-3a77-4639-9c79-9f76c1327f9c
d3e74000-2668-43e5-ac34-3da3026a1fed	17500	5	a98190ee-e681-428d-9d73-a4abf5e9c3ae	97ff4ed8-0c03-4216-81e7-eff0c648e871
3386eba3-8a2b-4534-9ee8-02f34dfdd051	4500	10	a98190ee-e681-428d-9d73-a4abf5e9c3ae	03a1af29-3a77-4639-9c79-9f76c1327f9c
8f88b51e-1f89-474f-ac52-dee2bb300bc3	122500	35	55c274da-55c5-47f7-9342-80cd9b611cb7	97ff4ed8-0c03-4216-81e7-eff0c648e871
055f4915-0200-45fc-9601-60e9d420e988	122500	35	fbbd6f0b-8c3e-4d0a-ab77-9559b257fd03	97ff4ed8-0c03-4216-81e7-eff0c648e871
f1e8ed35-f563-4eed-9a65-f5ca087f0f80	175000	35	fbbd6f0b-8c3e-4d0a-ab77-9559b257fd03	4585efcd-934d-4f58-afde-f7ba14a1cc81
35976f6d-d0d0-4979-9f0f-6804129ca740	175000	35	fbbd6f0b-8c3e-4d0a-ab77-9559b257fd03	4585efcd-934d-4f58-afde-f7ba14a1cc81
9f333d17-ae88-473d-84d6-199b6e5aedbc	17500	5	3b99756d-5a5d-4949-b76f-478aceb87e8d	97ff4ed8-0c03-4216-81e7-eff0c648e871
ad92a78f-2e24-42fa-9ad5-72a775d679aa	15000	3	3b99756d-5a5d-4949-b76f-478aceb87e8d	4585efcd-934d-4f58-afde-f7ba14a1cc81
02460c78-7dce-441f-b192-ccd804068150	725000	145	3b99756d-5a5d-4949-b76f-478aceb87e8d	4585efcd-934d-4f58-afde-f7ba14a1cc81
0c55ec8a-54c9-4d69-9f3c-94ff8eec67ea	189000	54	8854c069-5e4c-404b-9e1b-e7542b8db655	97ff4ed8-0c03-4216-81e7-eff0c648e871
af1df5e7-7b5c-4330-8e36-179f9b460bcb	280000	56	8854c069-5e4c-404b-9e1b-e7542b8db655	4585efcd-934d-4f58-afde-f7ba14a1cc81
94f1c2e6-f94f-4eea-a610-1f83720e6fad	157500	45	801e5590-3621-4e17-bb4e-7fdc7eb1627f	97ff4ed8-0c03-4216-81e7-eff0c648e871
6754a61e-8980-47e4-8ad1-ff6de4e30b62	30000	6	801e5590-3621-4e17-bb4e-7fdc7eb1627f	4585efcd-934d-4f58-afde-f7ba14a1cc81
4563076e-6d23-4558-a539-ffb54c8ffa75	20250	45	e111d0e0-ce2b-4ca3-b219-3f53ecad4c1b	03a1af29-3a77-4639-9c79-9f76c1327f9c
c22a7bfe-e0e4-4c9c-9263-aabe8cd2ce22	30000	6	e111d0e0-ce2b-4ca3-b219-3f53ecad4c1b	4585efcd-934d-4f58-afde-f7ba14a1cc81
a7726af6-1bd3-4f5d-a46f-07c2a2599ecb	2250	5	15d5602d-ba79-49ab-ab4c-87e824ddc4d2	03a1af29-3a77-4639-9c79-9f76c1327f9c
928f6bd7-1ab9-4d60-8251-dfa7661909f2	320000	64	15d5602d-ba79-49ab-ab4c-87e824ddc4d2	4585efcd-934d-4f58-afde-f7ba14a1cc81
2731ebd2-6d6c-48e5-8d10-d5e3440f236c	2250	5	5c19fe10-cce7-4dea-aaa9-b6f8df0f53d9	03a1af29-3a77-4639-9c79-9f76c1327f9c
4d07b632-712d-43ea-82f8-45b9369588b7	320000	64	5c19fe10-cce7-4dea-aaa9-b6f8df0f53d9	4585efcd-934d-4f58-afde-f7ba14a1cc81
dae7f89d-6f01-497e-86ae-a625bb9e6123	4500	10	788f14bb-caf0-4045-b734-df2ee43ba6a9	03a1af29-3a77-4639-9c79-9f76c1327f9c
9fd9f4b9-f590-41a7-aa84-e29f1ce66b00	120000	24	788f14bb-caf0-4045-b734-df2ee43ba6a9	4585efcd-934d-4f58-afde-f7ba14a1cc81
\.


--
-- TOC entry 3584 (class 0 OID 17291)
-- Dependencies: 237
-- Data for Name: organization_deliveredaddress; Type: TABLE DATA; Schema: public; Owner: root
--

COPY public.organization_deliveredaddress (id, country, street, cologne, state, ext_num, int_num, pc, is_active, created_at, updated_at, deleted_at, content_type_id, organization_id) FROM stdin;
a8bb4ecb-2537-47bf-92de-74453db444d2	US	Puerto 25	Wolf street		5000	\N	\N	t	2024-06-09 07:51:40.974926+00	2024-06-09 07:51:40.974961+00	\N	\N	19b124cc-3fc7-4634-810c-f0dc6abf2968
12d7d49a-a9a9-4676-b7a2-79ed35934d2e	MX	Puerto 25	Miguel Hidalgo		5000	\N	\N	t	2024-06-09 07:52:09.589369+00	2024-06-09 07:52:09.589412+00	\N	\N	19b124cc-3fc7-4634-810c-f0dc6abf2968
\.


--
-- TOC entry 3582 (class 0 OID 17279)
-- Dependencies: 235
-- Data for Name: organization_organization; Type: TABLE DATA; Schema: public; Owner: root
--

COPY public.organization_organization (id, name, email, phone, image_url, is_active, is_provider, created_at, updated_at, deleted_at) FROM stdin;
02254fb6-7c50-41d7-81f9-3164108215a1	Materials premium sa de cv	material@material.app	\N	\N	t	t	2024-06-09 07:45:48.924186+00	2024-06-09 07:45:48.924247+00	\N
1f621f9e-e6b3-48a2-b3bd-1113ddc2aacb	Materials angular sa de cv	material@material.app	\N	\N	t	t	2024-06-09 07:46:09.001529+00	2024-06-09 07:46:09.001585+00	\N
19b124cc-3fc7-4634-810c-f0dc6abf2968	My organiazation	material@personal.app	\N	\N	t	f	2024-06-09 07:51:02.697585+00	2024-06-09 07:51:02.698015+00	\N
46eb45eb-7ee4-4268-bcce-6080c944d3cf	Materials sa de cv	material@material.app	\N	\N	t	t	2024-06-09 07:45:33.211472+00	2024-06-09 07:45:33.211516+00	\N
\.


--
-- TOC entry 3583 (class 0 OID 17286)
-- Dependencies: 236
-- Data for Name: organization_providerhasproduct; Type: TABLE DATA; Schema: public; Owner: root
--

COPY public.organization_providerhasproduct (id, price, quantity, is_active, created_at, updated_at, deleted_at, product_id, provider_id) FROM stdin;
d1170aad-706f-4a3f-ba76-d6218204dc09	100	1	t	2024-06-09 07:52:55.645231+00	2024-06-09 07:52:55.645272+00	\N	03a1af29-3a77-4639-9c79-9f76c1327f9c	02254fb6-7c50-41d7-81f9-3164108215a1
a98f1478-f138-4c08-a047-13fd2420b952	5000	1	t	2024-06-09 07:53:28.288826+00	2024-06-09 07:53:28.288901+00	\N	4585efcd-934d-4f58-afde-f7ba14a1cc81	02254fb6-7c50-41d7-81f9-3164108215a1
deedfed5-bd80-4020-bbb5-335a550a9f1a	4565	1	t	2024-06-09 07:54:06.027429+00	2024-06-09 07:54:06.027498+00	\N	4585efcd-934d-4f58-afde-f7ba14a1cc81	1f621f9e-e6b3-48a2-b3bd-1113ddc2aacb
2519aeb5-e3b3-416d-b0d0-818466f5fff6	3500	1	t	2024-06-09 07:54:28.121811+00	2024-06-09 07:54:28.121868+00	\N	97ff4ed8-0c03-4216-81e7-eff0c648e871	1f621f9e-e6b3-48a2-b3bd-1113ddc2aacb
be87f1c9-8866-448c-abb4-6b5c472ee49f	500	1	t	2024-06-09 07:54:40.410732+00	2024-06-09 07:54:40.410798+00	\N	03a1af29-3a77-4639-9c79-9f76c1327f9c	1f621f9e-e6b3-48a2-b3bd-1113ddc2aacb
b835cc08-1b84-4e5e-8a80-1dc8a7547583	450	1	t	2024-06-09 07:55:42.461218+00	2024-06-09 07:55:42.461302+00	\N	03a1af29-3a77-4639-9c79-9f76c1327f9c	46eb45eb-7ee4-4268-bcce-6080c944d3cf
b41d4cc5-ebb6-4c89-b10c-aa9c646baf13	5500	1	t	2024-06-09 07:55:58.019573+00	2024-06-09 07:55:58.019639+00	\N	4585efcd-934d-4f58-afde-f7ba14a1cc81	46eb45eb-7ee4-4268-bcce-6080c944d3cf
88b5277e-a1fb-4db6-827d-a7a6ee49fdd5	350	1	t	2024-06-09 07:56:14.434597+00	2024-06-09 07:56:14.43465+00	\N	97ff4ed8-0c03-4216-81e7-eff0c648e871	46eb45eb-7ee4-4268-bcce-6080c944d3cf
\.


--
-- TOC entry 3580 (class 0 OID 17264)
-- Dependencies: 233
-- Data for Name: products_objectivesproduct; Type: TABLE DATA; Schema: public; Owner: root
--

COPY public.products_objectivesproduct (id, "time", year, quantity, is_active, created_at, updated_at, deleted_at, product_id) FROM stdin;
293cdf9d-384a-47a5-ba22-9b85e16723e9	YEARLY	2024	1000	t	2024-06-09 15:25:55.697454+00	2024-06-09 15:25:55.697454+00	\N	03a1af29-3a77-4639-9c79-9f76c1327f9c
c06a0369-f156-44eb-832b-fee83e0ddca2	YEARLY	2024	700	t	2024-06-09 15:25:55.697454+00	2024-06-09 15:25:55.697454+00	\N	4585efcd-934d-4f58-afde-f7ba14a1cc81
158d5ff5-8766-421e-ae86-8dd413bee695	YEARLY	2024	500	t	2024-06-09 15:25:55.697454+00	2024-06-09 15:25:55.697454+00	\N	97ff4ed8-0c03-4216-81e7-eff0c648e871
\.


--
-- TOC entry 3581 (class 0 OID 17269)
-- Dependencies: 234
-- Data for Name: products_product; Type: TABLE DATA; Schema: public; Owner: root
--

COPY public.products_product (id, sku, name, description, image_url, is_sould_out, is_active, created_at, updated_at, deleted_at) FROM stdin;
97ff4ed8-0c03-4216-81e7-eff0c648e871	AL-264	Aluminio 264	material use to	\N	f	t	2024-06-09 07:46:56.673041+00	2024-06-09 07:46:56.673099+00	\N
03a1af29-3a77-4639-9c79-9f76c1327f9c	AL-274	Telurio 264	New	\N	f	t	2024-06-09 07:47:13.74232+00	2024-06-09 07:47:13.742369+00	\N
4585efcd-934d-4f58-afde-f7ba14a1cc81	FS-AL	Fused Alumina	New	\N	f	t	2024-06-09 07:47:44.058723+00	2024-06-09 07:47:44.058775+00	\N
\.


--
-- TOC entry 3573 (class 0 OID 17193)
-- Dependencies: 226
-- Data for Name: users_user; Type: TABLE DATA; Schema: public; Owner: root
--

COPY public.users_user (password, id, name, last_name, email, is_active, is_superuser, gender, role, created_at, updated_at, deleted_at, last_login) FROM stdin;
pbkdf2_sha256$600000$48NbKfAQbXG4pea7XTTbAP$pAb9zHfKDMX1NMA6qXnKZW4kEYR97BP8hi5MFsl2jNU=	520ab14c-285c-4694-aa4d-66550a538ccc	Alex		alexis.rea@store.mx	t	t	\N	NORMAL	2024-06-09 07:45:03.864017+00	2024-06-09 07:45:03.86417+00	\N	\N
pbkdf2_sha256$600000$zAuMPiylhp2xUYWGNvexWB$DKqINd5sIdyXHAVQoDH7p1epD2JizgWlDaKZ1rgjG0E=	18a3d9ef-8181-4f00-9841-67bf9250485f	Mauricio		mauricio@store.app	t	t	\N	NORMAL	2024-06-10 08:53:46.825974+00	2024-06-10 08:53:46.826191+00	\N	\N
\.


--
-- TOC entry 3575 (class 0 OID 17203)
-- Dependencies: 228
-- Data for Name: users_user_groups; Type: TABLE DATA; Schema: public; Owner: root
--

COPY public.users_user_groups (id, user_id, group_id) FROM stdin;
\.


--
-- TOC entry 3577 (class 0 OID 17209)
-- Dependencies: 230
-- Data for Name: users_user_user_permissions; Type: TABLE DATA; Schema: public; Owner: root
--

COPY public.users_user_user_permissions (id, user_id, permission_id) FROM stdin;
\.


--
-- TOC entry 3594 (class 0 OID 0)
-- Dependencies: 222
-- Name: auth_group_id_seq; Type: SEQUENCE SET; Schema: public; Owner: root
--

SELECT pg_catalog.setval('public.auth_group_id_seq', 1, false);


--
-- TOC entry 3595 (class 0 OID 0)
-- Dependencies: 224
-- Name: auth_group_permissions_id_seq; Type: SEQUENCE SET; Schema: public; Owner: root
--

SELECT pg_catalog.setval('public.auth_group_permissions_id_seq', 1, false);


--
-- TOC entry 3596 (class 0 OID 0)
-- Dependencies: 220
-- Name: auth_permission_id_seq; Type: SEQUENCE SET; Schema: public; Owner: root
--

SELECT pg_catalog.setval('public.auth_permission_id_seq', 52, true);


--
-- TOC entry 3597 (class 0 OID 0)
-- Dependencies: 231
-- Name: django_admin_log_id_seq; Type: SEQUENCE SET; Schema: public; Owner: root
--

SELECT pg_catalog.setval('public.django_admin_log_id_seq', 1, false);


--
-- TOC entry 3598 (class 0 OID 0)
-- Dependencies: 218
-- Name: django_content_type_id_seq; Type: SEQUENCE SET; Schema: public; Owner: root
--

SELECT pg_catalog.setval('public.django_content_type_id_seq', 13, true);


--
-- TOC entry 3599 (class 0 OID 0)
-- Dependencies: 216
-- Name: django_migrations_id_seq; Type: SEQUENCE SET; Schema: public; Owner: root
--

SELECT pg_catalog.setval('public.django_migrations_id_seq', 24, true);


--
-- TOC entry 3600 (class 0 OID 0)
-- Dependencies: 227
-- Name: users_user_groups_id_seq; Type: SEQUENCE SET; Schema: public; Owner: root
--

SELECT pg_catalog.setval('public.users_user_groups_id_seq', 1, false);


--
-- TOC entry 3601 (class 0 OID 0)
-- Dependencies: 229
-- Name: users_user_user_permissions_id_seq; Type: SEQUENCE SET; Schema: public; Owner: root
--

SELECT pg_catalog.setval('public.users_user_user_permissions_id_seq', 1, false);


--
-- TOC entry 3342 (class 2606 OID 17191)
-- Name: auth_group auth_group_name_key; Type: CONSTRAINT; Schema: public; Owner: root
--

ALTER TABLE ONLY public.auth_group
    ADD CONSTRAINT auth_group_name_key UNIQUE (name);


--
-- TOC entry 3347 (class 2606 OID 17177)
-- Name: auth_group_permissions auth_group_permissions_group_id_permission_id_0cd325b0_uniq; Type: CONSTRAINT; Schema: public; Owner: root
--

ALTER TABLE ONLY public.auth_group_permissions
    ADD CONSTRAINT auth_group_permissions_group_id_permission_id_0cd325b0_uniq UNIQUE (group_id, permission_id);


--
-- TOC entry 3350 (class 2606 OID 17166)
-- Name: auth_group_permissions auth_group_permissions_pkey; Type: CONSTRAINT; Schema: public; Owner: root
--

ALTER TABLE ONLY public.auth_group_permissions
    ADD CONSTRAINT auth_group_permissions_pkey PRIMARY KEY (id);


--
-- TOC entry 3344 (class 2606 OID 17158)
-- Name: auth_group auth_group_pkey; Type: CONSTRAINT; Schema: public; Owner: root
--

ALTER TABLE ONLY public.auth_group
    ADD CONSTRAINT auth_group_pkey PRIMARY KEY (id);


--
-- TOC entry 3337 (class 2606 OID 17168)
-- Name: auth_permission auth_permission_content_type_id_codename_01ab375a_uniq; Type: CONSTRAINT; Schema: public; Owner: root
--

ALTER TABLE ONLY public.auth_permission
    ADD CONSTRAINT auth_permission_content_type_id_codename_01ab375a_uniq UNIQUE (content_type_id, codename);


--
-- TOC entry 3339 (class 2606 OID 17152)
-- Name: auth_permission auth_permission_pkey; Type: CONSTRAINT; Schema: public; Owner: root
--

ALTER TABLE ONLY public.auth_permission
    ADD CONSTRAINT auth_permission_pkey PRIMARY KEY (id);


--
-- TOC entry 3370 (class 2606 OID 17251)
-- Name: django_admin_log django_admin_log_pkey; Type: CONSTRAINT; Schema: public; Owner: root
--

ALTER TABLE ONLY public.django_admin_log
    ADD CONSTRAINT django_admin_log_pkey PRIMARY KEY (id);


--
-- TOC entry 3332 (class 2606 OID 17146)
-- Name: django_content_type django_content_type_app_label_model_76bd3d3b_uniq; Type: CONSTRAINT; Schema: public; Owner: root
--

ALTER TABLE ONLY public.django_content_type
    ADD CONSTRAINT django_content_type_app_label_model_76bd3d3b_uniq UNIQUE (app_label, model);


--
-- TOC entry 3334 (class 2606 OID 17144)
-- Name: django_content_type django_content_type_pkey; Type: CONSTRAINT; Schema: public; Owner: root
--

ALTER TABLE ONLY public.django_content_type
    ADD CONSTRAINT django_content_type_pkey PRIMARY KEY (id);


--
-- TOC entry 3330 (class 2606 OID 17138)
-- Name: django_migrations django_migrations_pkey; Type: CONSTRAINT; Schema: public; Owner: root
--

ALTER TABLE ONLY public.django_migrations
    ADD CONSTRAINT django_migrations_pkey PRIMARY KEY (id);


--
-- TOC entry 3400 (class 2606 OID 17364)
-- Name: django_session django_session_pkey; Type: CONSTRAINT; Schema: public; Owner: root
--

ALTER TABLE ONLY public.django_session
    ADD CONSTRAINT django_session_pkey PRIMARY KEY (session_key);


--
-- TOC entry 3392 (class 2606 OID 17328)
-- Name: orders_order orders_order_pkey; Type: CONSTRAINT; Schema: public; Owner: root
--

ALTER TABLE ONLY public.orders_order
    ADD CONSTRAINT orders_order_pkey PRIMARY KEY (id);


--
-- TOC entry 3396 (class 2606 OID 17333)
-- Name: orders_orderproducts orders_orderproducts_pkey; Type: CONSTRAINT; Schema: public; Owner: root
--

ALTER TABLE ONLY public.orders_orderproducts
    ADD CONSTRAINT orders_orderproducts_pkey PRIMARY KEY (id);


--
-- TOC entry 3389 (class 2606 OID 17297)
-- Name: organization_deliveredaddress organization_deliveredaddress_pkey; Type: CONSTRAINT; Schema: public; Owner: root
--

ALTER TABLE ONLY public.organization_deliveredaddress
    ADD CONSTRAINT organization_deliveredaddress_pkey PRIMARY KEY (id);


--
-- TOC entry 3381 (class 2606 OID 17285)
-- Name: organization_organization organization_organization_pkey; Type: CONSTRAINT; Schema: public; Owner: root
--

ALTER TABLE ONLY public.organization_organization
    ADD CONSTRAINT organization_organization_pkey PRIMARY KEY (id);


--
-- TOC entry 3383 (class 2606 OID 17290)
-- Name: organization_providerhasproduct organization_providerhasproduct_pkey; Type: CONSTRAINT; Schema: public; Owner: root
--

ALTER TABLE ONLY public.organization_providerhasproduct
    ADD CONSTRAINT organization_providerhasproduct_pkey PRIMARY KEY (id);


--
-- TOC entry 3373 (class 2606 OID 17268)
-- Name: products_objectivesproduct products_objectivesproduct_pkey; Type: CONSTRAINT; Schema: public; Owner: root
--

ALTER TABLE ONLY public.products_objectivesproduct
    ADD CONSTRAINT products_objectivesproduct_pkey PRIMARY KEY (id);


--
-- TOC entry 3376 (class 2606 OID 17275)
-- Name: products_product products_product_pkey; Type: CONSTRAINT; Schema: public; Owner: root
--

ALTER TABLE ONLY public.products_product
    ADD CONSTRAINT products_product_pkey PRIMARY KEY (id);


--
-- TOC entry 3379 (class 2606 OID 17277)
-- Name: products_product products_product_sku_key; Type: CONSTRAINT; Schema: public; Owner: root
--

ALTER TABLE ONLY public.products_product
    ADD CONSTRAINT products_product_sku_key UNIQUE (sku);


--
-- TOC entry 3353 (class 2606 OID 17201)
-- Name: users_user users_user_email_key; Type: CONSTRAINT; Schema: public; Owner: root
--

ALTER TABLE ONLY public.users_user
    ADD CONSTRAINT users_user_email_key UNIQUE (email);


--
-- TOC entry 3358 (class 2606 OID 17207)
-- Name: users_user_groups users_user_groups_pkey; Type: CONSTRAINT; Schema: public; Owner: root
--

ALTER TABLE ONLY public.users_user_groups
    ADD CONSTRAINT users_user_groups_pkey PRIMARY KEY (id);


--
-- TOC entry 3361 (class 2606 OID 17216)
-- Name: users_user_groups users_user_groups_user_id_group_id_b88eab82_uniq; Type: CONSTRAINT; Schema: public; Owner: root
--

ALTER TABLE ONLY public.users_user_groups
    ADD CONSTRAINT users_user_groups_user_id_group_id_b88eab82_uniq UNIQUE (user_id, group_id);


--
-- TOC entry 3355 (class 2606 OID 17199)
-- Name: users_user users_user_pkey; Type: CONSTRAINT; Schema: public; Owner: root
--

ALTER TABLE ONLY public.users_user
    ADD CONSTRAINT users_user_pkey PRIMARY KEY (id);


--
-- TOC entry 3364 (class 2606 OID 17213)
-- Name: users_user_user_permissions users_user_user_permissions_pkey; Type: CONSTRAINT; Schema: public; Owner: root
--

ALTER TABLE ONLY public.users_user_user_permissions
    ADD CONSTRAINT users_user_user_permissions_pkey PRIMARY KEY (id);


--
-- TOC entry 3367 (class 2606 OID 17230)
-- Name: users_user_user_permissions users_user_user_permissions_user_id_permission_id_43338c45_uniq; Type: CONSTRAINT; Schema: public; Owner: root
--

ALTER TABLE ONLY public.users_user_user_permissions
    ADD CONSTRAINT users_user_user_permissions_user_id_permission_id_43338c45_uniq UNIQUE (user_id, permission_id);


--
-- TOC entry 3340 (class 1259 OID 17192)
-- Name: auth_group_name_a6ea08ec_like; Type: INDEX; Schema: public; Owner: root
--

CREATE INDEX auth_group_name_a6ea08ec_like ON public.auth_group USING btree (name varchar_pattern_ops);


--
-- TOC entry 3345 (class 1259 OID 17188)
-- Name: auth_group_permissions_group_id_b120cbf9; Type: INDEX; Schema: public; Owner: root
--

CREATE INDEX auth_group_permissions_group_id_b120cbf9 ON public.auth_group_permissions USING btree (group_id);


--
-- TOC entry 3348 (class 1259 OID 17189)
-- Name: auth_group_permissions_permission_id_84c5c92e; Type: INDEX; Schema: public; Owner: root
--

CREATE INDEX auth_group_permissions_permission_id_84c5c92e ON public.auth_group_permissions USING btree (permission_id);


--
-- TOC entry 3335 (class 1259 OID 17174)
-- Name: auth_permission_content_type_id_2f476e4b; Type: INDEX; Schema: public; Owner: root
--

CREATE INDEX auth_permission_content_type_id_2f476e4b ON public.auth_permission USING btree (content_type_id);


--
-- TOC entry 3368 (class 1259 OID 17262)
-- Name: django_admin_log_content_type_id_c4bce8eb; Type: INDEX; Schema: public; Owner: root
--

CREATE INDEX django_admin_log_content_type_id_c4bce8eb ON public.django_admin_log USING btree (content_type_id);


--
-- TOC entry 3371 (class 1259 OID 17263)
-- Name: django_admin_log_user_id_c564eba6; Type: INDEX; Schema: public; Owner: root
--

CREATE INDEX django_admin_log_user_id_c564eba6 ON public.django_admin_log USING btree (user_id);


--
-- TOC entry 3398 (class 1259 OID 17366)
-- Name: django_session_expire_date_a5c62663; Type: INDEX; Schema: public; Owner: root
--

CREATE INDEX django_session_expire_date_a5c62663 ON public.django_session USING btree (expire_date);


--
-- TOC entry 3401 (class 1259 OID 17365)
-- Name: django_session_session_key_c0390e0f_like; Type: INDEX; Schema: public; Owner: root
--

CREATE INDEX django_session_session_key_c0390e0f_like ON public.django_session USING btree (session_key varchar_pattern_ops);


--
-- TOC entry 3390 (class 1259 OID 17356)
-- Name: orders_order_delivered_address_id_3c33b476; Type: INDEX; Schema: public; Owner: root
--

CREATE INDEX orders_order_delivered_address_id_3c33b476 ON public.orders_order USING btree (delivered_address_id);


--
-- TOC entry 3393 (class 1259 OID 17357)
-- Name: orders_order_provider_id_8c5b5fe6; Type: INDEX; Schema: public; Owner: root
--

CREATE INDEX orders_order_provider_id_8c5b5fe6 ON public.orders_order USING btree (provider_id);


--
-- TOC entry 3394 (class 1259 OID 17344)
-- Name: orders_orderproducts_order_id_b2226dca; Type: INDEX; Schema: public; Owner: root
--

CREATE INDEX orders_orderproducts_order_id_b2226dca ON public.orders_orderproducts USING btree (order_id);


--
-- TOC entry 3397 (class 1259 OID 17345)
-- Name: orders_orderproducts_product_id_0e2f6e40; Type: INDEX; Schema: public; Owner: root
--

CREATE INDEX orders_orderproducts_product_id_0e2f6e40 ON public.orders_orderproducts USING btree (product_id);


--
-- TOC entry 3386 (class 1259 OID 17320)
-- Name: organization_deliveredaddress_content_type_id_9b9c5494; Type: INDEX; Schema: public; Owner: root
--

CREATE INDEX organization_deliveredaddress_content_type_id_9b9c5494 ON public.organization_deliveredaddress USING btree (content_type_id);


--
-- TOC entry 3387 (class 1259 OID 17321)
-- Name: organization_deliveredaddress_organization_id_6882a30e; Type: INDEX; Schema: public; Owner: root
--

CREATE INDEX organization_deliveredaddress_organization_id_6882a30e ON public.organization_deliveredaddress USING btree (organization_id);


--
-- TOC entry 3384 (class 1259 OID 17308)
-- Name: organization_providerhasproduct_product_id_e7db8e3d; Type: INDEX; Schema: public; Owner: root
--

CREATE INDEX organization_providerhasproduct_product_id_e7db8e3d ON public.organization_providerhasproduct USING btree (product_id);


--
-- TOC entry 3385 (class 1259 OID 17309)
-- Name: organization_providerhasproduct_provider_id_67626ac1; Type: INDEX; Schema: public; Owner: root
--

CREATE INDEX organization_providerhasproduct_provider_id_67626ac1 ON public.organization_providerhasproduct USING btree (provider_id);


--
-- TOC entry 3374 (class 1259 OID 17373)
-- Name: products_objectivesproduct_product_id_a07df06e; Type: INDEX; Schema: public; Owner: root
--

CREATE INDEX products_objectivesproduct_product_id_a07df06e ON public.products_objectivesproduct USING btree (product_id);


--
-- TOC entry 3377 (class 1259 OID 17278)
-- Name: products_product_sku_3c51a516_like; Type: INDEX; Schema: public; Owner: root
--

CREATE INDEX products_product_sku_3c51a516_like ON public.products_product USING btree (sku varchar_pattern_ops);


--
-- TOC entry 3351 (class 1259 OID 17214)
-- Name: users_user_email_243f6e77_like; Type: INDEX; Schema: public; Owner: root
--

CREATE INDEX users_user_email_243f6e77_like ON public.users_user USING btree (email varchar_pattern_ops);


--
-- TOC entry 3356 (class 1259 OID 17228)
-- Name: users_user_groups_group_id_9afc8d0e; Type: INDEX; Schema: public; Owner: root
--

CREATE INDEX users_user_groups_group_id_9afc8d0e ON public.users_user_groups USING btree (group_id);


--
-- TOC entry 3359 (class 1259 OID 17227)
-- Name: users_user_groups_user_id_5f6f5a90; Type: INDEX; Schema: public; Owner: root
--

CREATE INDEX users_user_groups_user_id_5f6f5a90 ON public.users_user_groups USING btree (user_id);


--
-- TOC entry 3362 (class 1259 OID 17242)
-- Name: users_user_user_permissions_permission_id_0b93982e; Type: INDEX; Schema: public; Owner: root
--

CREATE INDEX users_user_user_permissions_permission_id_0b93982e ON public.users_user_user_permissions USING btree (permission_id);


--
-- TOC entry 3365 (class 1259 OID 17241)
-- Name: users_user_user_permissions_user_id_20aca447; Type: INDEX; Schema: public; Owner: root
--

CREATE INDEX users_user_user_permissions_user_id_20aca447 ON public.users_user_user_permissions USING btree (user_id);


--
-- TOC entry 3403 (class 2606 OID 17183)
-- Name: auth_group_permissions auth_group_permissio_permission_id_84c5c92e_fk_auth_perm; Type: FK CONSTRAINT; Schema: public; Owner: root
--

ALTER TABLE ONLY public.auth_group_permissions
    ADD CONSTRAINT auth_group_permissio_permission_id_84c5c92e_fk_auth_perm FOREIGN KEY (permission_id) REFERENCES public.auth_permission(id) DEFERRABLE INITIALLY DEFERRED;


--
-- TOC entry 3404 (class 2606 OID 17178)
-- Name: auth_group_permissions auth_group_permissions_group_id_b120cbf9_fk_auth_group_id; Type: FK CONSTRAINT; Schema: public; Owner: root
--

ALTER TABLE ONLY public.auth_group_permissions
    ADD CONSTRAINT auth_group_permissions_group_id_b120cbf9_fk_auth_group_id FOREIGN KEY (group_id) REFERENCES public.auth_group(id) DEFERRABLE INITIALLY DEFERRED;


--
-- TOC entry 3402 (class 2606 OID 17169)
-- Name: auth_permission auth_permission_content_type_id_2f476e4b_fk_django_co; Type: FK CONSTRAINT; Schema: public; Owner: root
--

ALTER TABLE ONLY public.auth_permission
    ADD CONSTRAINT auth_permission_content_type_id_2f476e4b_fk_django_co FOREIGN KEY (content_type_id) REFERENCES public.django_content_type(id) DEFERRABLE INITIALLY DEFERRED;


--
-- TOC entry 3409 (class 2606 OID 17252)
-- Name: django_admin_log django_admin_log_content_type_id_c4bce8eb_fk_django_co; Type: FK CONSTRAINT; Schema: public; Owner: root
--

ALTER TABLE ONLY public.django_admin_log
    ADD CONSTRAINT django_admin_log_content_type_id_c4bce8eb_fk_django_co FOREIGN KEY (content_type_id) REFERENCES public.django_content_type(id) DEFERRABLE INITIALLY DEFERRED;


--
-- TOC entry 3410 (class 2606 OID 17257)
-- Name: django_admin_log django_admin_log_user_id_c564eba6_fk_users_user_id; Type: FK CONSTRAINT; Schema: public; Owner: root
--

ALTER TABLE ONLY public.django_admin_log
    ADD CONSTRAINT django_admin_log_user_id_c564eba6_fk_users_user_id FOREIGN KEY (user_id) REFERENCES public.users_user(id) DEFERRABLE INITIALLY DEFERRED;


--
-- TOC entry 3416 (class 2606 OID 17346)
-- Name: orders_order orders_order_delivered_address_id_3c33b476_fk_organizat; Type: FK CONSTRAINT; Schema: public; Owner: root
--

ALTER TABLE ONLY public.orders_order
    ADD CONSTRAINT orders_order_delivered_address_id_3c33b476_fk_organizat FOREIGN KEY (delivered_address_id) REFERENCES public.organization_deliveredaddress(id) DEFERRABLE INITIALLY DEFERRED;


--
-- TOC entry 3417 (class 2606 OID 17351)
-- Name: orders_order orders_order_provider_id_8c5b5fe6_fk_organizat; Type: FK CONSTRAINT; Schema: public; Owner: root
--

ALTER TABLE ONLY public.orders_order
    ADD CONSTRAINT orders_order_provider_id_8c5b5fe6_fk_organizat FOREIGN KEY (provider_id) REFERENCES public.organization_organization(id) DEFERRABLE INITIALLY DEFERRED;


--
-- TOC entry 3418 (class 2606 OID 17334)
-- Name: orders_orderproducts orders_orderproducts_order_id_b2226dca_fk_orders_order_id; Type: FK CONSTRAINT; Schema: public; Owner: root
--

ALTER TABLE ONLY public.orders_orderproducts
    ADD CONSTRAINT orders_orderproducts_order_id_b2226dca_fk_orders_order_id FOREIGN KEY (order_id) REFERENCES public.orders_order(id) DEFERRABLE INITIALLY DEFERRED;


--
-- TOC entry 3419 (class 2606 OID 17339)
-- Name: orders_orderproducts orders_orderproducts_product_id_0e2f6e40_fk_products_product_id; Type: FK CONSTRAINT; Schema: public; Owner: root
--

ALTER TABLE ONLY public.orders_orderproducts
    ADD CONSTRAINT orders_orderproducts_product_id_0e2f6e40_fk_products_product_id FOREIGN KEY (product_id) REFERENCES public.products_product(id) DEFERRABLE INITIALLY DEFERRED;


--
-- TOC entry 3414 (class 2606 OID 17310)
-- Name: organization_deliveredaddress organization_deliver_content_type_id_9b9c5494_fk_django_co; Type: FK CONSTRAINT; Schema: public; Owner: root
--

ALTER TABLE ONLY public.organization_deliveredaddress
    ADD CONSTRAINT organization_deliver_content_type_id_9b9c5494_fk_django_co FOREIGN KEY (content_type_id) REFERENCES public.django_content_type(id) DEFERRABLE INITIALLY DEFERRED;


--
-- TOC entry 3415 (class 2606 OID 17315)
-- Name: organization_deliveredaddress organization_deliver_organization_id_6882a30e_fk_organizat; Type: FK CONSTRAINT; Schema: public; Owner: root
--

ALTER TABLE ONLY public.organization_deliveredaddress
    ADD CONSTRAINT organization_deliver_organization_id_6882a30e_fk_organizat FOREIGN KEY (organization_id) REFERENCES public.organization_organization(id) DEFERRABLE INITIALLY DEFERRED;


--
-- TOC entry 3412 (class 2606 OID 17298)
-- Name: organization_providerhasproduct organization_provide_product_id_e7db8e3d_fk_products_; Type: FK CONSTRAINT; Schema: public; Owner: root
--

ALTER TABLE ONLY public.organization_providerhasproduct
    ADD CONSTRAINT organization_provide_product_id_e7db8e3d_fk_products_ FOREIGN KEY (product_id) REFERENCES public.products_product(id) DEFERRABLE INITIALLY DEFERRED;


--
-- TOC entry 3413 (class 2606 OID 17303)
-- Name: organization_providerhasproduct organization_provide_provider_id_67626ac1_fk_organizat; Type: FK CONSTRAINT; Schema: public; Owner: root
--

ALTER TABLE ONLY public.organization_providerhasproduct
    ADD CONSTRAINT organization_provide_provider_id_67626ac1_fk_organizat FOREIGN KEY (provider_id) REFERENCES public.organization_organization(id) DEFERRABLE INITIALLY DEFERRED;


--
-- TOC entry 3411 (class 2606 OID 17368)
-- Name: products_objectivesproduct products_objectivesp_product_id_a07df06e_fk_products_; Type: FK CONSTRAINT; Schema: public; Owner: root
--

ALTER TABLE ONLY public.products_objectivesproduct
    ADD CONSTRAINT products_objectivesp_product_id_a07df06e_fk_products_ FOREIGN KEY (product_id) REFERENCES public.products_product(id) DEFERRABLE INITIALLY DEFERRED;


--
-- TOC entry 3405 (class 2606 OID 17222)
-- Name: users_user_groups users_user_groups_group_id_9afc8d0e_fk_auth_group_id; Type: FK CONSTRAINT; Schema: public; Owner: root
--

ALTER TABLE ONLY public.users_user_groups
    ADD CONSTRAINT users_user_groups_group_id_9afc8d0e_fk_auth_group_id FOREIGN KEY (group_id) REFERENCES public.auth_group(id) DEFERRABLE INITIALLY DEFERRED;


--
-- TOC entry 3406 (class 2606 OID 17217)
-- Name: users_user_groups users_user_groups_user_id_5f6f5a90_fk_users_user_id; Type: FK CONSTRAINT; Schema: public; Owner: root
--

ALTER TABLE ONLY public.users_user_groups
    ADD CONSTRAINT users_user_groups_user_id_5f6f5a90_fk_users_user_id FOREIGN KEY (user_id) REFERENCES public.users_user(id) DEFERRABLE INITIALLY DEFERRED;


--
-- TOC entry 3407 (class 2606 OID 17236)
-- Name: users_user_user_permissions users_user_user_perm_permission_id_0b93982e_fk_auth_perm; Type: FK CONSTRAINT; Schema: public; Owner: root
--

ALTER TABLE ONLY public.users_user_user_permissions
    ADD CONSTRAINT users_user_user_perm_permission_id_0b93982e_fk_auth_perm FOREIGN KEY (permission_id) REFERENCES public.auth_permission(id) DEFERRABLE INITIALLY DEFERRED;


--
-- TOC entry 3408 (class 2606 OID 17231)
-- Name: users_user_user_permissions users_user_user_permissions_user_id_20aca447_fk_users_user_id; Type: FK CONSTRAINT; Schema: public; Owner: root
--

ALTER TABLE ONLY public.users_user_user_permissions
    ADD CONSTRAINT users_user_user_permissions_user_id_20aca447_fk_users_user_id FOREIGN KEY (user_id) REFERENCES public.users_user(id) DEFERRABLE INITIALLY DEFERRED;


-- Completed on 2024-06-10 03:15:25 CST

--
-- PostgreSQL database dump complete
--

